2NE1,K-Pop
A Tribe Called Quest,Hip-Hop
AC/DC,Rock
Adele,Pop
Alan Walker,Electronic
Alborosie,Reggae
Alesso,House
Alicia Keys,R&B
Andrea Bocelli,Classical
Anitta,Latin
Antonio Vivaldi,Classical
Arctic Monkeys,Rock
Arvo Pärt,Classical
ATEEZ,K-Pop
Avicii,Electronic
Avicii,House
Axwell Λ Ingrosso,House
Bad Bunny,Latin
Becky G,Latin
Beyoncé,R&B
BigBang,K-Pop
Billie Eilish,Pop
BLACKPINK,K-Pop
Bob Marley,Reggae
Bon Jovi,Rock
Bruno Mars,Pop
Bruno Mars,R&B
BTS,K-Pop
Buju Banton,Reggae
Calvin Harris,Electronic
Calvin Harris,House
Camila Cabello,Latin
Cardi B,Hip-Hop
Carly Rae Jepsen,Pop
Childish Gambino,Hip-Hop
Chris Brown,R&B
Chronixx,Reggae
Claude Debussy,Classical
Coldplay,Rock
Collie Buddz,Reggae
Daddy Yankee,Latin
Daft Punk,Electronic
Damian Marley,Reggae
Daniel Caesar,R&B
David Guetta,Electronic
David Guetta,House
Deadmau5,Electronic
Deadmau5,House
Dimitri Vegas & Like Mike,Electronic
Dire Straits,Rock
Disclosure,House
DMX,Hip-Hop
Don Diablo,House
Don Omar,Latin
Drake,Hip-Hop
Dua Lipa,Pop
Duke Dumont,House
Ed Sheeran,Pop
Einaudi,Classical
Eminem,Hip-Hop
Ennio Morricone,Classical
Enrique Iglesias,Latin
Epik High,K-Pop
Eric Prydz,House
Erik Satie,Classical
Farruko,Latin
Flume,Electronic
Foo Fighters,Rock
Frank Ocean,R&B
Frédéric Chopin,Classical
Groundation,Reggae
H.E.R.,R&B
Hans Zimmer,Classical
Harry Styles,Pop
Howard Shore,Classical
Imagine Dragons,Pop
Inner Circle,Reggae
ITZY,K-Pop
IVE,K-Pop
J Balvin,Latin
J. Cole,Hip-Hop
James Arthur,Pop
Jet,Rock
Jimmy Cliff,Reggae
Joe Hisaishi,Classical
Joel Corry,House
Johann Sebastian Bach,Classical
John Legend,R&B
John Lennon,Rock
Juanes,Latin
Kanye West,Hip-Hop
Karol G,Latin
Katy Perry,Pop
Kehlani,R&B
Kendrick Lamar,Hip-Hop
Khalid,R&B
Koffee,Reggae
Kygo,Electronic
Kygo,House
Lana Del Rey,Pop
LE SSERAFIM,K-Pop
Linkin Park,Rock
Lizzo,Hip-Hop
Lorde,Pop
Ludovico Einaudi,Classical
Ludwig van Beethoven,Classical
Luis Fonsi,Latin
Lupe Fiasco,Hip-Hop
M83,Electronic
Macklemore,Hip-Hop
Magic!,Reggae
Maluma,Latin
Marc Anthony,Latin
Marshmello,Electronic
Martin Garrix,Electronic
Martin Garrix,House
Mary J. Blige,R&B
Max Richter,Classical
MEDUZA,House
Metallica,Rock
Missy Elliott,Hip-Hop
Muse,Rock
NCT 127,K-Pop
Ne-Yo,R&B
NewJeans,K-Pop
Nicki Minaj,Hip-Hop
Nicky Jam,Latin
Nils Frahm,Classical
Nirvana,Rock
Nora En Pure,House
Oasis,Rock
ODESZA,Electronic
Olivia Rodrigo,Pop
Outkast,Hip-Hop
Ozuna,Latin
Pedro Capó,Latin
Peter Tosh,Reggae
Petit Biscuit,House
Pharrell Williams,Pop
Pharrell Williams,R&B
Philip Glass,Classical
Pitbull,Pop
Porter Robinson,Electronic
Post Malone,Hip-Hop
Prince Royce,Latin
Protoje,Reggae
PSY,K-Pop
Pyotr Ilyich Tchaikovsky,Classical
Queen,Rock
Radiohead,Rock
Red Hot Chili Peppers,Rock
Red Velvet,K-Pop
Rihanna,Pop
Rihanna,R&B
Robin Schulz,House
Run-DMC,Hip-Hop
Sean Paul,Reggae
Selena Gomez,Pop
SEVENTEEN,K-Pop
Shaggy,Reggae
Shakira,Latin
SHINee,K-Pop
Sia,Pop
Skrillex,Electronic
SOJA,Reggae
Solange,R&B
Steel Pulse,Reggae
Steve Aoki,Electronic
Stray Kids,K-Pop
Swedish House Mafia,Electronic
Swedish House Mafia,House
SZA,R&B
Taeyeon,K-Pop
Taylor Swift,Pop
The Beatles,Rock
The Cranberries,Rock
The Killers,Rock
The Notorious B.I.G.,Hip-Hop
The Prodigy,Electronic
The Weeknd,Pop
The Weeknd,R&B
Tiesto,House
Toni Braxton,R&B
Toots & The Maytals,Reggae
Travis Scott,Hip-Hop
TWICE,K-Pop
TXT,K-Pop
Tyler,Hip-Hop
UB40,Reggae
Usher,R&B
Wisin & Yandel,Latin
Wolfgang Amadeus Mozart,Classical
Yiruma,Classical
Zedd,Electronic
